"frase","etiqueta"
"Políticos corruptos socavan la confianza del pueblo.","0"
"Las promesas vacías solo alimentan el cinismo político.","0"
"La politiquería prevalece, dejando de lado los intereses ciudadanos.","0"
"La corrupción política mina el progreso de la nación.","0"
"La demagogia manipula la opinión pública sin ofrecer soluciones reales.","0"
"Las intrigas políticas conducen a decisiones perjudiciales.","0"
"La polarización política divide a la sociedad.","0"
"El nepotismo en la política daña la meritocracia.","0"
"La falta de transparencia política genera desconfianza.","0"
"La manipulación mediática distorsiona la verdad.","0"
"La politización de temas cruciales afecta la toma de decisiones.","0"
"Los intereses particulares prevalecen sobre el bien común.","0"
"La ineficiencia gubernamental agrava los problemas sociales.","0"
"La falta de liderazgo político deja al país a la deriva.","0"
"La burocracia política entorpece el avance de la sociedad.","0"
"La falta de responsabilidad política perpetúa los errores del pasado.","0"
"Los escándalos políticos desvían la atención de los asuntos importantes.","0"
"El clientelismo político fomenta la dependencia en lugar del desarrollo.","0"
"Las promesas electorales incumplidas alimentan la desilusión ciudadana.","0"
"La incompetencia política provoca una mala gestión del gobierno.","0"
"El sectarismo político impide el diálogo constructivo.","0"
"La falta de consenso político estanca el progreso legislativo.","0"
"La falta de integridad en la política socava los valores democráticos.","0"
"La falta de rendición de cuentas permite la impunidad política.","0"
"El populismo irresponsable promete soluciones simplistas.","0"
"La falta de visión política limita el futuro del país.","0"
"La corrupción política desvía recursos destinados al bienestar social.","0"
"La politización de la justicia socava la independencia del poder judicial.","0"
"La opacidad en el financiamiento político favorece la influencia indebida.","0"
"La manipulación de datos estadísticos distorsiona la percepción pública.","0"
"La politización de la educación afecta la formación de ciudadanos críticos.","0"
"Los conflictos políticos paralizan la toma de decisiones necesarias.","0"
"La falta de compromiso político dificulta la solución de problemas urgentes.","0"
"El oportunismo político explota crisis para obtener réditos electorales.","0"
"La falta de ética política desacredita la integridad de los gobernantes.","0"
"La corrupción en el poder judicial socava la confianza en la justicia.","0"
"La lucha por el poder político eclipsa el interés por el bienestar ciudadano.","0"
"La incompetencia administrativa deriva en una mala gestión del Estado.","0"
"La politización de las instituciones debilita la democracia.","0"
"La propaganda política distorsiona la realidad para obtener apoyo.","0"
"El transfuguismo político desestabiliza la gobernabilidad.","0"
"La politización de la salud pública afecta la atención médica.","0"
"La falta de liderazgo político provoca una crisis de dirección.","0"
"El favoritismo político obstaculiza el acceso a oportunidades para todos.","0"
"La división política crea un ambiente de hostilidad entre ciudadanos.","0"
"La falta de diálogo político obstaculiza la resolución de conflictos.","0"
"La corrupción electoral socava la legitimidad de los comicios.","0"
"El elitismo político perpetúa la desigualdad social.","0"
"La politización de las fuerzas armadas amenaza la democracia.","0"
"La falta de cooperación política limita el desarrollo nacional.","0"
"El populismo irresponsable genera políticas insostenibles.","0"
"La politización de los medios de comunicación afecta la objetividad informativa.","0"
"La negligencia política provoca crisis humanitarias.","0"
"El tribalismo político divide a la sociedad en facciones enfrentadas.","0"
"La falta de planificación política genera incertidumbre económica.","0"
"La politización de la ciencia distorsiona la toma de decisiones fundamentadas.","0"
"La corrupción en la administración pública perjudica la calidad de los servicios.","0"
"La falta de responsabilidad política ante los problemas ambientales pone en riesgo el futuro del planeta.","0"
"La politización de la migración provoca respuestas inhumanas.","0"
"La falta de representación política deja a ciertos sectores marginados.","0"
"La politización de la seguridad nacional afecta la protección de los ciudadanos.","0"
"El oportunismo político utiliza tragedias para obtener beneficios políticos.","0"
"La politización de la justicia transmite una imagen de impunidad.","0"
"La corrupción en la burocracia obstaculiza la eficiencia del Estado.","0"
"La falta de ética política alimenta la desconfianza ciudadana.","0"
"La politización de la educación histórica manipula la percepción del pasado.","0"
"El partidismo político pone los intereses del partido por encima del bienestar nacional.","0"
"La corrupción en la contratación pública desvía recursos necesarios para la infraestructura.","0"
"La falta de voluntad política obstaculiza la lucha contra la pobreza.","0"
"La politización de la cultura atenta contra la diversidad cultural.","0"
"La propaganda política utiliza la desinformación para obtener apoyo.","0"
"El oportunismo político prioriza intereses individuales sobre el bienestar colectivo.","0"
"La politización del sistema judicial debilita el Estado de derecho.","0"
"La falta de transparencia en la toma de decisiones crea desconfianza ciudadana.","0"
"La corrupción en la gestión pública deriva en la falta de servicios básicos.","0"
"La politización de los recursos naturales afecta la conservación del medio ambiente.","0"
"El clientelismo político crea redes de dependencia para obtener votos.","0"
"La politización de la tecnología pone en riesgo la privacidad de los ciudadanos.","0"
"La falta de responsabilidad política perpetúa la impunidad ante la violencia de género.","0"
"La manipulación política de la migración fomenta la xenofobia.","0"
"La politización de la justicia penal lleva a la persecución política.","0"
"El tribalismo político provoca la hostilidad entre regiones y etnias.","0"
"La falta de liderazgo político frente a la crisis económica agrava la situación.","0"
"La politización de la educación sexual afecta la salud y el bienestar de los jóvenes.","0"
"El oportunismo político utiliza la crisis para obtener ganancias personales.","0"
"La politización de la religión amenaza la libertad de culto.","0"
"La corrupción en la política exterior afecta la imagen internacional del país.","0"
"La falta de compromiso político perpetúa la discriminación racial.","0"
"La politización del arte y la cultura limita la libertad creativa.","0"
"El oportunismo político utiliza la caridad para obtener votos.","0"
"La politización de la tecnología de la información amenaza la privacidad de los ciudadanos.","0"
"La falta de liderazgo político frente al cambio climático pone en peligro el planeta.","0"
"La corrupción en el sistema educativo afecta la calidad de la enseñanza.","0"
"La politización de los derechos humanos debilita su protección universal.","0"
"El oportunismo político utiliza el miedo para obtener apoyo.","0"
"La politización de la crisis humanitaria afecta la ayuda internacional.","0"
"La falta de responsabilidad política frente a los desastres naturales provoca tragedias evitables.","0"
"La corrupción en el sistema de salud afecta el acceso a servicios médicos de calidad.","0"
"La politización de la seguridad pública obstaculiza la lucha contra la delincuencia.","0"
"La falta de liderazgo político frente a la pandemia ha causado un alto costo en vidas humanas.","0"
"Líderes políticos comprometidos con la transparencia fomentan la confianza ciudadana.","1"
"Las propuestas sólidas ofrecen soluciones concretas a los problemas del país.","1"
"La democracia permite la participación activa de los ciudadanos en la toma de decisiones.","1"
"El diálogo político es fundamental para llegar a consensos y avanzar en la gobernabilidad.","1"
"Los líderes políticos visionarios trazan un camino hacia un futuro próspero.","1"
"La colaboración política entre diferentes partidos fortalece la democracia.","1"
"La participación ciudadana en el proceso político es clave para la representatividad.","1"
"La responsabilidad política ante los desafíos globales promueve la cooperación internacional.","1"
"Los líderes políticos empáticos se preocupan por el bienestar de todos los ciudadanos.","1"
"La inclusión política garantiza la representación de diversos sectores de la sociedad.","1"
"La educación política fomenta la conciencia cívica y la responsabilidad ciudadana.","1"
"La promoción de valores éticos en la política refuerza la integridad de los gobernantes.","1"
"Los líderes políticos con visión a largo plazo buscan el bienestar de las futuras generaciones.","1"
"La responsabilidad ambiental en la política protege los recursos naturales para las futuras generaciones.","1"
"La planificación política estratégica permite un desarrollo sostenible y equitativo.","1"
"La cooperación política entre países promueve la paz y la estabilidad mundial.","1"
"Los líderes políticos comprometidos con la igualdad de género promueven la equidad en la sociedad.","1"
"La inversión en educación y salud pública mejora la calidad de vida de los ciudadanos.","1"
"La política basada en evidencia garantiza decisiones fundamentadas en datos y estudios.","1"
"La protección de los derechos humanos en la política asegura la dignidad de todas las personas.","1"
"Los líderes políticos comprometidos con la justicia social trabajan por una sociedad inclusiva.","1"
"La política progresista busca el avance y la mejora constante de la sociedad.","1"
"La diplomacia política promueve el diálogo y la resolución pacífica de conflictos internacionales.","1"
"La promoción de la cultura y las artes en la política enriquece el patrimonio cultural del país.","1"
"Los líderes políticos con empatía escuchan y comprenden las necesidades de la sociedad.","1"
"La política de cooperación internacional fortalece los lazos entre países y promueve el desarrollo global.","1"
"La política de inclusión social reduce la desigualdad y la exclusión en la sociedad.","1"
"Los líderes políticos con vocación de servicio trabajan por el bienestar colectivo.","1"
"La política de innovación impulsa el desarrollo tecnológico y económico del país.","1"
"La responsabilidad fiscal en la política garantiza el uso adecuado de los recursos públicos.","1"
"Los líderes políticos comprometidos con la educación de calidad preparan a futuras generaciones.","1"
"La política de igualdad de oportunidades promueve la movilidad social y el progreso.","1"
"La transparencia política permite el escrutinio público de la gestión gubernamental.","1"
"Los líderes políticos con integridad son modelos de conducta para la sociedad.","1"
"La política de inclusión educativa garantiza el acceso a la educación para todos los ciudadanos.","1"
"La promoción de la ciencia y la tecnología en la política impulsa el avance de la sociedad.","1"
"La política de derechos civiles protege la libertad y la igualdad de todos los ciudadanos.","1"
"Los líderes políticos con visión global buscan soluciones a los problemas globales.","1"
"La política de protección ambiental asegura la conservación de la biodiversidad y los ecosistemas.","1"
"La participación política de la juventud renueva y enriquece el debate democrático.","1"
"Los líderes políticos con valores éticos inspiran confianza y respeto en la sociedad.","1"
"La política de cooperación internacional ayuda a enfrentar desafíos globales como el cambio climático.","1"
"La promoción del arte y la cultura en la política enriquece la vida cultural del país.","1"
"Los líderes políticos comprometidos con la salud pública protegen la vida de los ciudadanos.","1"
"La política de prevención en seguridad ciudadana promueve un ambiente seguro y tranquilo.","1"
"La protección de los derechos laborales en la política garantiza condiciones de trabajo dignas.","1"
"Los líderes políticos con liderazgo carismático inspiran a la sociedad a alcanzar metas comunes.","1"
"La política de igualdad de género promueve la participación activa de las mujeres en la sociedad.","1"
"La promoción de la educación cívica en la política forma ciudadanos informados y responsables.","1"
"Los líderes políticos con empatía se preocupan por el bienestar de los más vulnerables.","1"
"La política de inversión en infraestructura mejora la calidad de vida de los ciudadanos.","1"
"La cooperación política entre partidos garantiza la estabilidad y el consenso en el gobierno.","1"
"Los líderes políticos comprometidos con la paz trabajan por la reconciliación y la convivencia.","1"
"La política de lucha contra la corrupción fortalece la integridad y la ética en el gobierno.","1"
"La promoción del deporte en la política mejora la salud y el bienestar de la población.","1"
"Los líderes políticos con visión de futuro preparan al país para los desafíos venideros.","1"
"La política de promoción de la diversidad cultural enriquece la identidad nacional.","1"
"La protección de los derechos de los pueblos indígenas en la política garantiza su participación activa en la sociedad.","1"
"Los líderes políticos con compromiso social trabajan por la igualdad de oportunidades para todos.","1"
"La política de inversión en educación garantiza un futuro próspero para la sociedad.","1"
"La promoción de la transparencia en la política fortalece la confianza ciudadana en el gobierno.","1"
"Los líderes políticos con empatía escuchan las necesidades de las comunidades más vulnerables.","1"
"La política de cooperación en la lucha contra el crimen organizado fortalece la seguridad del país.","1"
"La promoción de la participación ciudadana en la política fortalece la democracia.","1"
"Los líderes políticos con responsabilidad ambiental protegen los recursos naturales para las futuras generaciones.","1"
"La política de inclusión de personas con discapacidad promueve la igualdad de oportunidades para todos.","1"
"La promoción de la igualdad de género en la política impulsa la participación activa de las mujeres en la sociedad.","1"
"Los líderes políticos con visión global trabajan por un mundo más justo y equitativo.","1"
"La política de protección de los derechos humanos garantiza la dignidad de todas las personas.","1"
"La promoción del voluntariado en la política fortalece el tejido social y la solidaridad.","1"
"Los líderes políticos comprometidos con la educación de calidad forman ciudadanos críticos y participativos.","1"
"La política de promoción de la cultura y las artes enriquece la identidad cultural del país.","1"
"La cooperación política entre países fortalece la paz y la seguridad internacional.","1"
"Los líderes políticos con vocación de servicio trabajan por el bienestar común por encima de intereses personales.","1"
"La política de transparencia en la toma de decisiones fortalece la democracia.","1"
"La promoción del deporte y la actividad física en la política mejora la salud y el bienestar de la población.","1"
"Los líderes políticos con responsabilidad fiscal garantizan el uso adecuado de los recursos públicos.","1"
"La política de promoción de la educación inclusiva garantiza el acceso a la educación para todos los ciudadanos.","1"
"La cooperación política en la lucha contra el cambio climático protege el medio ambiente para las futuras generaciones.","1"
"Los líderes políticos comprometidos con la justicia social trabajan por una sociedad más igualitaria y justa.","1"
"La política de inversión en ciencia y tecnología impulsa el desarrollo y la innovación del país.","1"
"La promoción de la igualdad de oportunidades en la política garantiza el acceso a recursos y servicios para todos los ciudadanos.","1"
"Los líderes políticos con visión de futuro promueven un desarrollo sostenible y respetuoso con el medio ambiente.","1"
"La política de promoción del arte y la cultura enriquece el patrimonio cultural y artístico del país.","1"
"Los líderes políticos comprometidos con la educación de calidad preparan a la juventud para un futuro prometedor.","1"
"La cooperación política en la lucha contra la pobreza promueve la equidad y el bienestar para todos los ciudadanos.","1"
"La política de promoción del turismo sostenible impulsa el desarrollo económico y social de las comunidades locales.","1"
"Los líderes políticos con liderazgo ético son modelos a seguir para la sociedad.","1"
"La promoción de la cooperación internacional en la política fortalece los lazos de amistad y solidaridad entre naciones.","1"
"La política de protección de los derechos de los niños garantiza su bienestar y desarrollo integral.","1"
"Los líderes políticos con responsabilidad fiscal gestionan los recursos públicos de manera eficiente y transparente.","1"
"La promoción de la participación ciudadana en la política fortalece la democracia y la gobernabilidad.","1"
"La política de promoción de la igualdad de género garantiza la participación activa de las mujeres en todos los ámbitos de la sociedad.","1"
"Los líderes políticos comprometidos con la paz trabajan por la resolución pacífica de conflictos y la convivencia armoniosa.","1"
"La cooperación política en la lucha contra la discriminación promueve una sociedad inclusiva y respetuosa de la diversidad.","1"
"La política de protección del patrimonio cultural preserva la identidad histórica y cultural del país.","1"
"Los líderes políticos con empatía escuchan y comprenden las necesidades de todos los ciudadanos.","1"
"La promoción de la cooperación política en la lucha contra la trata de personas protege los derechos humanos y la dignidad de las víctimas.","1"
"La política de promoción de la educación en valores fortalece el tejido social y fomenta la convivencia pacífica.","1"
"Los líderes políticos con visión a largo plazo trabajan por un futuro mejor para las próximas generaciones.","1"
"La corrupción política socava la confianza ciudadana en el sistema.","0"
"Los intereses partidistas prevalecen sobre el bienestar común.","0"
"La politización de la justicia debilita el estado de derecho.","0"
"La demagogia política manipula las emociones para obtener apoyo.","0"
"Los discursos vacíos de los políticos generan desilusión en la población.","0"
"La politiquería estancada no aborda los problemas reales.","0"
"Las campañas difamatorias dividen a la sociedad.","0"
"La falta de transparencia en la política genera desconfianza en los gobernantes.","0"
"La polarización política impide el consenso y la cooperación.","0"
"La burocracia política obstaculiza la toma de decisiones ágiles.","0"
"Los escándalos políticos desvían la atención de los problemas importantes.","0"
"La falta de rendición de cuentas permite la impunidad en la política.","0"
"La manipulación de los medios de comunicación distorsiona la verdad.","0"
"Los sobornos y coimas minan la integridad del sistema político.","0"
"La falta de liderazgo político contribuye al estancamiento del país.","0"
"Las promesas incumplidas alimentan la desesperanza en la población.","0"
"La politización de la educación perjudica la formación de ciudadanos críticos.","0"
"Las alianzas políticas basadas en intereses personales generan desconfianza.","0"
"Los políticos privilegiados desconectados de la realidad no comprenden las necesidades de la población.","0"
"La corrupción electoral socava la legitimidad de los resultados.","0"
"Los favores políticos socavan la meritocracia y la igualdad de oportunidades.","0"
"Las tácticas de desinformación confunden al electorado.","0"
"La compra de votos distorsiona la voluntad popular.","0"
"La politización de los servicios públicos afecta la calidad de vida de la población.","0"
"Los discursos populistas prometen soluciones rápidas pero sin sustento real.","0"
"La politiquería oportunista aprovecha las crisis para ganar apoyo.","0"
"La falta de diversidad en la política perpetúa la desigualdad de representación.","0"
"Las campañas basadas en el miedo manipulan las decisiones electorales.","0"
"La falta de ética en la política socava la confianza ciudadana en los líderes.","0"
"Los acuerdos políticos de espalda a la población generan descontento social.","0"
"La politización de la seguridad ciudadana crea tensiones sociales.","0"
"Los discursos xenófobos fomentan la discriminación y la intolerancia.","0"
"La politiquería partidista prioriza el poder por encima del bienestar común.","0"
"La manipulación de la información en las campañas distorsiona la realidad.","0"
"Los políticos corruptos desvían recursos destinados al desarrollo del país.","0"
"La falta de transparencia en el financiamiento político alimenta la desconfianza.","0"
"Las promesas populistas son inalcanzables y generan frustración.","0"
"La politización de la justicia provoca persecución de opositores políticos.","0"
"Los intereses económicos de los políticos prevalecen sobre el interés público.","0"
"La politiquería estancada impide la implementación de soluciones efectivas.","0"
"La demagogia política manipula la verdad para obtener votos.","0"
"Los discursos polarizantes dividen a la sociedad en bandos irreconciliables.","0"
"La politización de los medios de comunicación distorsiona la percepción pública.","0"
"Los sobornos y la corrupción minan la integridad de los gobernantes.","0"
"La falta de liderazgo político en tiempos de crisis genera incertidumbre en la población.","0"
"Las promesas electorales incumplidas aumentan la desconfianza en los políticos.","0"
"La politización de la educación limita el acceso a una educación de calidad para todos.","0"
"Las alianzas políticas basadas en conveniencias personales desvirtúan los valores democráticos.","0"
"Los políticos privilegiados desconectados de la realidad no comprenden los desafíos de la población.","0"
"La corrupción electoral socava la legitimidad de las elecciones y el respeto al voto ciudadano.","0"
"Los favores políticos socavan la meritocracia y la igualdad de oportunidades para el progreso social.","0"
"Las tácticas de desinformación y propaganda manipulan la opinión pública.","0"
"La compra de votos y la clientelización política vulneran la libertad de elección de los ciudadanos.","0"
"La politización de los servicios públicos afecta la eficiencia y la equidad en la atención ciudadana.","0"
"Los discursos populistas prometen soluciones fáciles, pero carecen de viabilidad y sustento.","0"
"La politiquería oportunista se aprovecha de la vulnerabilidad de la población en tiempos difíciles.","0"
"La falta de diversidad en la política perpetúa la falta de representación y voz para ciertos grupos.","0"
"Las campañas basadas en el miedo manipulan emocionalmente al electorado para obtener apoyo.","0"
"La falta de ética en la política genera desconfianza y desapego hacia las instituciones.","0"
"Los acuerdos políticos a puertas cerradas excluyen la participación ciudadana en la toma de decisiones.","0"
"La politización de la seguridad ciudadana puede dar lugar a represión y violaciones de derechos humanos.","0"
"Los discursos xenófobos promueven la discriminación y el odio hacia personas de otras culturas o nacionalidades.","0"
"La politiquería partidista prioriza el interés del partido por encima de los intereses de la población.","0"
"La manipulación de la información y la desinformación en las campañas distorsionan la percepción pública.","0"
"Los políticos corruptos desvían fondos destinados al desarrollo del país para beneficio personal.","0"
"La falta de transparencia en el financiamiento político genera sospechas sobre las fuentes de recursos.","0"
"Las promesas populistas ofrecen soluciones sencillas y atractivas pero con poco fundamento real.","0"
"La politización de la justicia afecta su imparcialidad y confiabilidad en el sistema legal.","0"
"Los intereses económicos y empresariales influyen en las decisiones políticas en detrimento del bienestar común.","0"
"La politiquería estancada perpetúa la inacción frente a los problemas urgentes del país.","0"
"La demagogia política utiliza discursos vacíos para manipular las emociones de la población.","0"
"Los discursos polarizantes fomentan la confrontación y el enfrentamiento entre ciudadanos.","0"
"La politización de los medios de comunicación crea un ambiente de desinformación y propaganda.","0"
"Los sobornos y la corrupción en la política socavan la confianza ciudadana en las instituciones.","0"
"La falta de liderazgo político en tiempos de crisis genera incertidumbre y desesperanza en la población.","0"
"Las promesas electorales incumplidas aumentan la desconfianza y el desapego hacia los políticos.","0"
"La politización de la educación limita el acceso equitativo a una educación de calidad para todos.","0"
"Las alianzas políticas basadas en conveniencias personales desvirtúan los principios democráticos.","0"
"Los políticos privilegiados desconectados de la realidad no comprenden las dificultades de la población.","0"
"La corrupción electoral socava la legitimidad de las elecciones y la representación democrática.","0"
"Los favores políticos socavan la meritocracia y la igualdad de oportunidades para el desarrollo social.","0"
"Las tácticas de desinformación y propaganda manipulan la opinión pública en beneficio propio.","0"
"La compra de votos y la clientelización política vulneran la libertad de elección y el voto consciente.","0"
"La politización de los servicios públicos afecta la calidad y la equidad en la atención a los ciudadanos.","0"
"Los discursos populistas prometen soluciones fáciles, pero carecen de viabilidad y fundamento real.","0"
"La politiquería oportunista se aprovecha de la vulnerabilidad de la población en tiempos difíciles.","0"
"La falta de diversidad en la política perpetúa la falta de representación y voz para ciertos grupos.","0"
"Las campañas basadas en el miedo manipulan emocionalmente al electorado para obtener apoyo.","0"
"La falta de ética en la política genera desconfianza y desapego hacia las instituciones.","0"
"Los acuerdos políticos a puertas cerradas excluyen la participación ciudadana en la toma de decisiones.","0"
"La politización de la seguridad ciudadana puede dar lugar a represión y violaciones de derechos humanos.","0"
"Los discursos xenófobos promueven la discriminación y el odio hacia personas de otras culturas o nacionalidades.","0"
"La politiquería partidista prioriza el interés del partido por encima de los intereses de la población.","0"
"La manipulación de la información y la desinformación en las campañas distorsionan la percepción pública.","0"
"Los políticos corruptos desvían fondos destinados al desarrollo del país para beneficio personal.","0"
"La falta de transparencia en el financiamiento político genera sospechas sobre las fuentes de recursos.","0"
"Las promesas populistas ofrecen soluciones sencillas y atractivas pero con poco fundamento real.","0"
"La politización de la justicia afecta su imparcialidad y confiabilidad en el sistema legal.","0"
"Los intereses económicos y empresariales influyen en las decisiones políticas en detrimento del bienestar común.","0"
"La politiquería estancada perpetúa la inacción frente a los problemas urgentes del país.","0"
"La participación ciudadana fortalece la democracia y el ejercicio de la soberanía popular.","1"
"Las políticas inclusivas promueven la igualdad de oportunidades para todos los ciudadanos.","1"
"La transparencia política garantiza la responsabilidad y el buen uso de los recursos públicos.","1"
"La diplomacia política busca el diálogo y la cooperación en las relaciones internacionales.","1"
"Los líderes políticos comprometidos con el bienestar común trabajan por el progreso social.","1"
"La educación cívica forma ciudadanos informados y conscientes de sus derechos y deberes.","1"
"La política de protección del medio ambiente asegura un futuro sostenible para las próximas generaciones.","1"
"La política de lucha contra la pobreza trabaja por un país más justo e inclusivo.","1"
"Los líderes políticos con visión de futuro planifican estratégicamente el desarrollo del país.","1"
"La cooperación política entre partidos fortalece la estabilidad y la gobernabilidad del país.","1"
"La política de promoción de la cultura enriquece el patrimonio y la identidad nacional.","1"
"Los líderes políticos comprometidos con la justicia social buscan reducir las desigualdades.","1"
"La política de inversión en infraestructura mejora la calidad de vida de la población.","1"
"La cooperación política en la lucha contra el cambio climático protege el medio ambiente.","1"
"Los líderes políticos con integridad son ejemplos de ética y responsabilidad en la gestión pública.","1"
"La política de promoción de la salud mejora el bienestar y la calidad de vida de la población.","1"
"La educación política fomenta el pensamiento crítico y la participación activa en la sociedad.","1"
"La política de protección de los derechos humanos garantiza la dignidad de todas las personas.","1"
"Los líderes políticos con empatía se preocupan por las necesidades de los más vulnerables.","1"
"La política de inclusión educativa garantiza el acceso a la educación para todos los ciudadanos.","1"
"La cooperación política entre países fortalece la paz y la cooperación internacional.","1"
"Los líderes políticos comprometidos con la paz trabajan por la reconciliación y la convivencia.","1"
"La política de transparencia en la gestión pública fortalece la confianza ciudadana.","1"
"La promoción de la cultura y las artes en la política enriquece la vida cultural del país.","1"
"Los líderes políticos con liderazgo carismático inspiran a la sociedad a alcanzar objetivos comunes.","1"
"La política de promoción del deporte mejora la salud y el espíritu competitivo de la población.","1"
"La educación política en la juventud fomenta el compromiso cívico y la participación ciudadana.","1"
"La política de protección del medio ambiente asegura la conservación de la biodiversidad.","1"
"Los líderes políticos con honestidad y transparencia inspiran confianza en la población.","1"
"La política de promoción de la igualdad de género busca la equidad en todos los ámbitos.","1"
"La cooperación política en la lucha contra la delincuencia fortalece la seguridad ciudadana.","1"
"Los líderes políticos comprometidos con la educación buscan el desarrollo integral de la población.","1"
"La política de fomento del emprendimiento impulsa la innovación y el crecimiento económico.","1"
"La promoción de la libertad de expresión en la política fortalece la democracia y el debate público.","1"
"Los líderes políticos con ética y valores sirven de ejemplo para las futuras generaciones.","1"
"La política de promoción del turismo beneficia la economía y la cultura del país.","1"
"La educación política en la infancia sienta las bases para una ciudadanía informada y participativa.","1"
"La política de protección de los derechos de los trabajadores asegura condiciones laborales justas.","1"
"Los líderes políticos con visión a largo plazo trabajan por un futuro próspero y sostenible.","1"
"La cooperación política en la lucha contra la corrupción fortalece las instituciones democráticas.","1"
"La política de promoción de la diversidad cultural enriquece la identidad nacional.","1"
"Los líderes políticos comprometidos con la educación de calidad buscan el progreso social.","1"
"La política de protección de los derechos de la infancia asegura un futuro prometedor para todos.","1"
"La promoción de la participación política de los jóvenes fortalece la democracia del país.","1"
"Los líderes políticos con liderazgo carismático inspiran a la sociedad a superar desafíos.","1"
"La política de fomento de la investigación científica y tecnológica impulsa el desarrollo del país.","1"
"La cooperación política entre partidos busca el bienestar común por encima de intereses personales.","1"
"Los líderes políticos comprometidos con la protección del medio ambiente trabajan por un futuro sostenible.","1"
"La política de promoción del arte y la cultura en la educación enriquece el desarrollo integral de los estudiantes.","1"
"La educación política en la juventud fomenta el compromiso cívico y la participación activa en la sociedad.","1"
"La política de protección de los derechos humanos garantiza la dignidad de todas las personas.","1"
"Los líderes políticos con empatía se preocupan por las necesidades de los más vulnerables.","1"
"La política de inclusión educativa garantiza el acceso a la educación para todos los ciudadanos.","1"
"La cooperación política entre países fortalece la paz y la cooperación internacional.","1"
"Los líderes políticos comprometidos con la paz trabajan por la reconciliación y la convivencia.","1"
"La política de transparencia en la gestión pública fortalece la confianza ciudadana.","1"
"La promoción de la cultura y las artes en la política enriquece la vida cultural del país.","1"
"Los líderes políticos con liderazgo carismático inspiran a la sociedad a alcanzar objetivos comunes.","1"
"La política de promoción del deporte mejora la salud y el espíritu competitivo de la población.","1"
"La educación política en la juventud fomenta el compromiso cívico y la participación ciudadana.","1"
"La política de protección del medio ambiente asegura la conservación de la biodiversidad.","1"
"Los líderes políticos con honestidad y transparencia inspiran confianza en la población.","1"
"La política de promoción de la igualdad de género busca la equidad en todos los ámbitos.","1"
"La cooperación política en la lucha contra la delincuencia fortalece la seguridad ciudadana.","1"
"Los líderes políticos comprometidos con la educación buscan el desarrollo integral de la población.","1"
"La política de fomento del emprendimiento impulsa la innovación y el crecimiento económico.","1"
"La promoción de la libertad de expresión en la política fortalece la democracia y el debate público.","1"
"Los líderes políticos con ética y valores sirven de ejemplo para las futuras generaciones.","1"
"La política de promoción del turismo beneficia la economía y la cultura del país.","1"
"La educación política en la infancia sienta las bases para una ciudadanía informada y participativa.","1"
"La política de protección de los derechos de los trabajadores asegura condiciones laborales justas.","1"
"Los líderes políticos con visión a largo plazo trabajan por un futuro próspero y sostenible.","1"
"La cooperación política en la lucha contra la corrupción fortalece las instituciones democráticas.","1"
"La política de promoción de la diversidad cultural enriquece la identidad nacional.","1"
"Los líderes políticos comprometidos con la educación de calidad buscan el progreso social.","1"
"La política de protección de los derechos de la infancia asegura un futuro prometedor para todos.","1"
"La promoción de la participación política de los jóvenes fortalece la democracia del país.","1"
"Los líderes políticos con liderazgo carismático inspiran a la sociedad a superar desafíos.","1"
"La política de fomento de la investigación científica y tecnológica impulsa el desarrollo del país.","1"
"La cooperación política entre partidos busca el bienestar común por encima de intereses personales.","1"
"Los líderes políticos comprometidos con la protección del medio ambiente trabajan por un futuro sostenible.","1"
"La política de promoción del arte y la cultura en la educación enriquece el desarrollo integral de los estudiantes.","1"
"La educación política en la juventud fomenta el compromiso cívico y la participación activa en la sociedad.","1"
"La política de protección de los derechos humanos garantiza la dignidad de todas las personas.","1"
"Los líderes políticos con empatía se preocupan por las necesidades de los más vulnerables.","1"
"La política de inclusión educativa garantiza el acceso a la educación para todos los ciudadanos.","1"
"La cooperación política entre países fortalece la paz y la cooperación internacional.","1"
"Los líderes políticos comprometidos con la paz trabajan por la reconciliación y la convivencia.","1"
"La política de transparencia en la gestión pública fortalece la confianza ciudadana.","1"
"La promoción de la cultura y las artes en la política enriquece la vida cultural del país.","1"
"Los líderes políticos con liderazgo carismático inspiran a la sociedad a alcanzar objetivos comunes.","1"
"La política de promoción del deporte mejora la salud y el espíritu competitivo de la población.","1"
"La educación política en la juventud fomenta el compromiso cívico y la participación ciudadana.","1"
"La política de protección del medio ambiente asegura la conservación de la biodiversidad.","1"
"Los líderes políticos con honestidad y transparencia inspiran confianza en la población.","1"
"La política de promoción de la igualdad de género busca la equidad en todos los ámbitos.","1"
"La cooperación política en la lucha contra la delincuencia fortalece la seguridad ciudadana.","1"
"Los líderes políticos comprometidos con la educación buscan el desarrollo integral de la población.","1"
"La política de fomento del emprendimiento impulsa la innovación y el crecimiento económico.","1"
"La promoción de la libertad de expresión en la política fortalece la democracia y el debate público.","1"
"Creo en un gobierno inclusivo que garantice igualdad de oportunidades para todos.","1"
"Apoyo la promoción de políticas verdes para proteger el medio ambiente.","1"
"Estoy a favor de un sistema de salud pública accesible y de calidad para todos.","1"
"Creo en la cooperación internacional para abordar los desafíos globales.","1"
"Apoyo la inversión en educación para el desarrollo integral de la sociedad.","1"
"Estoy a favor de políticas que promuevan la igualdad de género en todos los niveles.","1"
"Creo en la transparencia y la rendición de cuentas en la gestión pública.","1"
"Apoyo la promoción de la cultura y las artes como parte del patrimonio nacional.","1"
"Estoy a favor de una política de migración que respete los derechos humanos.","1"
"Creo en un sistema de justicia imparcial y accesible para todos los ciudadanos.","1"
"Apoyo la protección de los derechos laborales y condiciones justas para los trabajadores.","1"
"Estoy a favor de una política fiscal equitativa que redistribuya la riqueza.","1"
"Creo en la promoción del emprendimiento y la innovación para el desarrollo económico.","1"
"Apoyo la participación ciudadana y el diálogo en la toma de decisiones políticas.","1"
"Estoy a favor de una política de seguridad ciudadana que proteja a los ciudadanos.","1"
"Creo en la promoción de la diversidad cultural como parte de nuestra identidad nacional.","1"
"Apoyo la inversión en infraestructura para mejorar la calidad de vida de la población.","1"
"Estoy a favor de una política de vivienda que garantice el acceso a hogares dignos.","1"
"Creo en la promoción de los derechos humanos y la dignidad de todas las personas.","1"
"Apoyo la cooperación entre partidos para lograr consensos en beneficio del país.","1"
"Estoy a favor de una política educativa que promueva el pensamiento crítico y la creatividad.","1"
"Creo en la promoción del turismo sostenible para preservar nuestros recursos naturales.","1"
"Apoyo la implementación de políticas de inclusión social para reducir la pobreza.","1"
"Estoy a favor de un sistema de pensiones justo y sostenible para los jubilados.","1"
"Creo en la promoción de políticas de igualdad racial para eliminar la discriminación.","1"
"Apoyo la protección de la libertad de expresión y el acceso a la información.","1"
"Estoy a favor de una política de desarrollo rural para impulsar la agricultura sostenible.","1"
"Creo en la promoción de políticas de conciliación laboral para mejorar la calidad de vida.","1"
"Apoyo la implementación de medidas contra el cambio climático para proteger el planeta.","1"
"Estoy a favor de una política de igualdad de oportunidades para personas con discapacidad.","1"
"Creo en la promoción de políticas de reducción de la brecha salarial de género.","1"
"Apoyo la promoción de la inversión en energías renovables para combatir la contaminación.","1"
"Estoy a favor de una política de protección de los derechos de los pueblos indígenas.","1"
"Creo en la promoción de políticas de integración de migrantes en la sociedad.","1"
"Apoyo la inversión en investigación y desarrollo para fomentar la innovación.","1"
"Estoy a favor de una política de protección de los derechos de la infancia.","1"
"Creo en la promoción de políticas de igualdad de oportunidades en el acceso a la educación.","1"
"Apoyo la promoción de políticas de inclusión digital para cerrar la brecha tecnológica.","1"
"Estoy a favor de una política de promoción del empleo juvenil y el emprendimiento.","1"
"Creo en la promoción de políticas de igualdad de oportunidades en el acceso a la salud.","1"
"Apoyo la inversión en educación sexual para promover relaciones sanas y seguras.","1"
"Estoy a favor de una política de protección de la libertad de prensa y la pluralidad informativa.","1"
"Creo en la promoción de políticas de igualdad de oportunidades en el acceso a la vivienda.","1"
"Apoyo la promoción de políticas de reducción de la violencia de género.","1"
"Estoy a favor de una política de promoción del voluntariado y la participación ciudadana.","1"
"Creo en la promoción de políticas de igualdad de oportunidades en el acceso al empleo.","1"
"Apoyo la protección de los derechos de las minorías y grupos vulnerables.","1"
"Estoy a favor de una política de promoción de la economía circular y la sostenibilidad.","1"
"Creo en la promoción de políticas de igualdad de oportunidades en el acceso a la justicia.","1"
"Apoyo la promoción de políticas de prevención del acoso escolar y el ciberbullying.","1"
"Estoy a favor de una política de promoción del diálogo intercultural y la tolerancia.","1"
"Creo en la promoción de políticas de igualdad de oportunidades en el acceso a la cultura.","1"
"Apoyo la inversión en políticas de apoyo a la investigación científica y tecnológica.","1"
"Estoy a favor de una política de promoción del voluntariado y la responsabilidad social.","1"
"Creo en la promoción de políticas de igualdad de oportunidades en el acceso a la justicia.","1"
"Apoyo la protección de los derechos de las minorías y grupos vulnerables.","1"
"Estoy a favor de una política de promoción de la economía circular y la sostenibilidad.","1"
"Creo en la promoción de políticas de igualdad de oportunidades en el acceso a la salud.","1"
"Apoyo la promoción de políticas de reducción de la violencia de género.","1"
"Estoy a favor de una política de promoción del voluntariado y la participación ciudadana.","1"
"Creo en la promoción de políticas de igualdad de oportunidades en el acceso al empleo.","1"
"Apoyo la protección de los derechos de las minorías y grupos vulnerables.","1"
"Estoy a favor de una política de promoción de la economía circular y la sostenibilidad.","1"
"Creo en la promoción de políticas de igualdad de oportunidades en el acceso a la educación.","1"
"Apoyo la promoción de políticas de prevención del acoso escolar y el ciberbullying.","1"
"Estoy a favor de una política de promoción del diálogo intercultural y la tolerancia.","1"
"Creo en la promoción de políticas de igualdad de oportunidades en el acceso a la cultura.","1"
"Apoyo la inversión en políticas de apoyo a la investigación científica y tecnológica.","1"
"Estoy a favor de una política de promoción del voluntariado y la responsabilidad social.","1"
"Creo en la promoción de políticas de igualdad de oportunidades en el acceso a la justicia.","1"
"Apoyo la protección de los derechos de las minorías y grupos vulnerables.","1"
"Estoy a favor de una política de promoción de la economía circular y la sostenibilidad.","1"
"Creo en la promoción de políticas de igualdad de oportunidades en el acceso a la salud.","1"
"Apoyo la promoción de políticas de reducción de la violencia de género.","1"
"Estoy a favor de una política de promoción del voluntariado y la participación ciudadana.","1"
"Creo en la promoción de políticas de igualdad de oportunidades en el acceso al empleo.","1"
"Apoyo la protección de los derechos de las minorías y grupos vulnerables.","1"
"Estoy a favor de una política de promoción de la economía circular y la sostenibilidad.","1"
"Creo en la promoción de políticas de igualdad de oportunidades en el acceso a la educación.","1"
"Apoyo la promoción de políticas de prevención del acoso escolar y el ciberbullying.","1"
"Estoy a favor de una política de promoción del diálogo intercultural y la tolerancia.","1"
"Creo en la promoción de políticas de igualdad de oportunidades en el acceso a la cultura.","1"
"Apoyo la inversión en políticas de apoyo a la investigación científica y tecnológica.","1"
"Estoy a favor de una política de promoción del voluntariado y la responsabilidad social.","1"
"Creo en la promoción de políticas de igualdad de oportunidades en el acceso a la justicia.","1"
"Apoyo la protección de los derechos de las minorías y grupos vulnerables.","1"
"Estoy a favor de una política de promoción de la economía circular y la sostenibilidad.","1"
"Creo en la promoción de políticas de igualdad de oportunidades en el acceso a la salud.","1"
"Apoyo la promoción de políticas de reducción de la violencia de género.","1"
"Estoy a favor de una política de promoción del voluntariado y la participación ciudadana.","1"
"Creo en la promoción de políticas de igualdad de oportunidades en el acceso al empleo.","1"
"Apoyo la protección de los derechos de las minorías y grupos vulnerables.","1"
"Estoy a favor de una política de promoción de la economía circular y la sostenibilidad.","1"
"Creo en la promoción de políticas de igualdad de oportunidades en el acceso a la educación.","1"
"Apoyo la promoción de políticas de prevención del acoso escolar y el ciberbullying.","1"
"Estoy a favor de una política de promoción del diálogo intercultural y la tolerancia.","1"
"Creo en la promoción de políticas de igualdad de oportunidades en el acceso a la cultura.","1"
"Apoyo la inversión en políticas de apoyo a la investigación científica y tecnológica.","1"
"Estoy a favor de una política de promoción del voluntariado y la responsabilidad social.","1"
"Creo en la promoción de políticas de igualdad de oportunidades en el acceso a la justicia.","1"
"No confío en un gobierno que promete y no cumple sus compromisos.","0"
"Más impuestos solo benefician a los políticos, no a la ciudadanía.","0"
"Sus palabras son vacías, no podemos esperar cambios reales.","0"
"La política sucia y los intereses propios prevalecen en este gobierno.","0"
"Todas las promesas son solo palabras, sin acciones concretas.","0"
"Nada cambia, todo sigue igual, no hay diferencia alguna.","0"
"La corrupción se encubre y la sociedad sufre las consecuencias.","0"
"Las promesas electorales se incumplen, y la decepción está garantizada.","0"
"Las mentiras son constantes, hemos perdido toda confianza.","0"
"No necesitamos discursos vacíos, queremos hechos concretos.","0"
"La politiquería solo nos abandona, sin sentido ni soluciones.","0"
"Ignoran nuestras necesidades y priorizan sus intereses personales.","0"
"Ineficiencia es su estandarte, el progreso ha sido olvidado.","0"
"Todo es un engaño y una manipulación, no caigamos en la trampa.","0"
"Votar es irrelevante, los políticos nunca cambian realmente.","0"
"Su discurso suena bonito, pero sus acciones son nulas.","0"
"La corrupción está presente en todas las esferas, el país en decadencia.","0"
"Sus campañas millonarias no resuelven los problemas reales.","0"
"Prometen mucho antes de tomar el poder, luego olvidan todo.","0"
"El sistema político está roto, no hay esperanza de cambios positivos.","0"
"El pueblo sufre mientras los políticos se enriquecen cada vez más.","0"
"La discriminación está encubierta, la justicia es negada.","0"
"Incompetencia en el gobierno, la ciudadanía sufre las consecuencias.","0"
"Los medios son manipulados, la opinión pública está distorsionada.","0"
"El poder corrompe, los políticos no son la excepción.","0"
"Los partidos políticos están obsoletos, necesitamos un cambio real.","0"
"La desigualdad sigue creciendo, y los políticos son indiferentes.","0"
"Tienen sus prioridades equivocadas, nuestras necesidades son ignoradas.","0"
"Políticos sin visión, el país se encuentra estancado.","0"
"Prometen todo, pero cumplen nada en realidad.","0"
"Los ciudadanos pagan, los políticos disfrutan.","0"
"Nuestra democracia es ficticia, el poder siempre prevalece.","0"
"Líderes egocéntricos que abandonan a la sociedad.","0"
"Los políticos se enriquecen mientras el pueblo se empobrece.","0"
"Están completamente desconectados de la realidad de la ciudadanía.","0"
"La corrupción está enquistada, la justicia es inexistente.","0"
"Utilizan el populismo barato, sin soluciones reales.","0"
"Priorizan sus intereses particulares sobre el bienestar general.","0"
"La demagogia no tiene límites, y la ciudadanía es manipulada.","0"
"Todas las promesas resultan ser vanas, sin resultados significativos.","0"
"Los políticos son indiferentes, mientras los ciudadanos se desesperan.","0"
"El poder corrompe, y los políticos se aprovechan de él.","0"
"Los líderes son irresponsables, dejando a la sociedad perjudicada.","0"
"Los políticos privilegiados ignoran al pueblo desamparado.","0"
"Las promesas incumplidas erosionan nuestra confianza en ellos.","0"
"La incompetencia en el poder lleva al país hacia el declive.","0"
"Los medios son manipulados, la verdad es ocultada.","0"
"El sistema político está roto y necesita una reforma urgente.","0"
"Los políticos corruptos solo generan desesperación en la ciudadanía.","0"
"El gobierno es ineficiente, sin resolver los problemas reales.","0"
"La demagogia manipula a la sociedad a su antojo.","0"
"Los políticos están alejados de las necesidades del pueblo.","0"
"La corrupción prevalece, la justicia se desvanece.","0"
"Las campañas políticas son engañosas, y el electorado está desilusionado.","0"
"La desigualdad es perpetuada por políticos indiferentes.","0"
"Las promesas son vanas, y los problemas persisten.","0"
"Los políticos están desconectados, la ciudadanía está frustrada.","0"
"El poder corrompe, y los políticos se aprovechan de él.","0"
"Los líderes son irresponsables, dejando a la sociedad perjudicada.","0"
"Los políticos privilegiados ignoran al pueblo desamparado.","0"
"Las promesas incumplidas erosionan nuestra confianza en ellos.","0"
"La incompetencia en el poder lleva al país hacia el declive.","0"
"Los medios son manipulados, la verdad es ocultada.","0"
"El sistema político está roto y necesita una reforma urgente.","0"
"Los políticos corruptos solo generan desesperación en la ciudadanía.","0"
"El gobierno es ineficiente, sin resolver los problemas reales.","0"
"La demagogia manipula a la sociedad a su antojo.","0"
"Los políticos están alejados de las necesidades del pueblo.","0"
"La corrupción prevalece, la justicia se desvanece.","0"
"Las campañas políticas son engañosas, y el electorado está desilusionado.","0"
"La desigualdad es perpetuada por políticos indiferentes.","0"
"Las promesas son vanas, y los problemas persisten.","0"
"Los políticos están desconectados, la ciudadanía está frustrada.","0"
"El poder corrompe, y los políticos se aprovechan de él.","0"
"Los líderes son irresponsables, dejando a la sociedad perjudicada.","0"
"Los políticos privilegiados ignoran al pueblo desamparado.","0"
"Las promesas incumplidas erosionan nuestra confianza en ellos.","0"
"La incompetencia en el poder lleva al país hacia el declive.","0"
"Los medios son manipulados, la verdad es ocultada.","0"
"El sistema político está roto y necesita una reforma urgente.","0"
"Los políticos corruptos solo generan desesperación en la ciudadanía.","0"
"El gobierno es ineficiente, sin resolver los problemas reales.","0"
"La demagogia manipula a la sociedad a su antojo.","0"
"Los políticos están alejados de las necesidades del pueblo.","0"
"La corrupción prevalece, la justicia se desvanece.","0"
"Las campañas políticas son engañosas, y el electorado está desilusionado.","0"
"La desigualdad es perpetuada por políticos indiferentes.","0"
"Las promesas son vanas, y los problemas persisten.","0"
"Los políticos están desconectados, la ciudadanía está frustrada.","0"
"El poder corrompe, y los políticos se aprovechan de él.","0"
"Los líderes son irresponsables, dejando a la sociedad perjudicada.","0"
"Los políticos privilegiados ignoran al pueblo desamparado.","0"
"Las promesas incumplidas erosionan nuestra confianza en ellos.","0"
"La incompetencia en el poder lleva al país hacia el declive.","0"
"Los medios son manipulados, la verdad es ocultada.","0"
"El sistema político está roto y necesita una reforma urgente.","0"
"Los políticos corruptos solo generan desesperación en la ciudadanía.","0"
"El gobierno es ineficiente, sin resolver los problemas reales.","0"
"La demagogia manipula a la sociedad a su antojo.","0"
"Los políticos están alejados de las necesidades del pueblo.","0"
